x1region,high_expct_mean
1,8.616908069760568
3,8.488017182907528
2,8.443329295725905
4,8.422800956683497
